{"book": "James","chapters": [{"chapter": "1", "verses": [{"verse": "1", "text": "James, a servant of God and of the Lord Jesus Christ, to the twelve tribes which are scattered abroad, greeting."}, {"verse": "2", "text": "My brethren, count it all joy when ye fall into divers temptations;"}, {"verse": "3", "text": "Knowing this, that the trying of your faith worketh patience."}, {"verse": "4", "text": "But let patience have her perfect work, that ye may be perfect and entire, wanting nothing."}, {"verse": "5", "text": "If any of you lack wisdom, let him ask of God, that giveth to all men liberally, and upbraideth not; and it shall be given him."}, {"verse": "6", "text": "But let him ask in faith, nothing wavering. For he that wavereth is like a wave of the sea driven with the wind and tossed."}, {"verse": "7", "text": "For let not that man think that he shall receive any thing of the Lord."}, {"verse": "8", "text": "A double minded man is unstable in all his ways."}, {"verse": "9", "text": "Let the brother of low degree rejoice in that he is exalted:"}, {"verse": "10", "text": "But the rich, in that he is made low: because as the flower of the grass he shall pass away."}, {"verse": "11", "text": "For the sun is no sooner risen with a burning heat, but it withereth the grass, and the flower thereof falleth, and the grace of the fashion of it perisheth: so also shall the rich man fade away in his ways."}, {"verse": "12", "text": "Blessed is the man that endureth temptation: for when he is tried, he shall receive the crown of life, which the Lord hath promised to them that love him."}, {"verse": "13", "text": "Let no man say when he is tempted, I am tempted of God: for God cannot be tempted with evil, neither tempteth he any man:"}, {"verse": "14", "text": "But every man is tempted, when he is drawn away of his own lust, and enticed."}, {"verse": "15", "text": "Then when lust hath conceived, it bringeth forth sin: and sin, when it is finished, bringeth forth death."}, {"verse": "16", "text": "Do not err, my beloved brethren."}, {"verse": "17", "text": "Every good gift and every perfect gift is from above, and cometh down from the Father of lights, with whom is no variableness, neither shadow of turning."}, {"verse": "18", "text": "Of his own will begat he us with the word of truth, that we should be a kind of firstfruits of his creatures."}, {"verse": "19", "text": "Wherefore, my beloved brethren, let every man be swift to hear, slow to speak, slow to wrath:"}, {"verse": "20", "text": "For the wrath of man worketh not the righteousness of God."}, {"verse": "21", "text": "Wherefore lay apart all filthiness and superfluity of naughtiness, and receive with meekness the engrafted word, which is able to save your souls."}, {"verse": "22", "text": "But be ye doers of the word, and not hearers only, deceiving your own selves."}, {"verse": "23", "text": "For if any be a hearer of the word, and not a doer, he is like unto a man beholding his natural face in a glass:"}, {"verse": "24", "text": "For he beholdeth himself, and goeth his way, and straightway forgetteth what manner of man he was."}, {"verse": "25", "text": "But whoso looketh into the perfect law of liberty, and continueth therein, he being not a forgetful hearer, but a doer of the work, this man shall be blessed in his deed."}, {"verse": "26", "text": "If any man among you seem to be religious, and bridleth not his tongue, but deceiveth his own heart, this man\u2019s religion is vain."}, {"verse": "27", "text": "Pure religion and undefiled before God and the Father is this, To visit the fatherless and widows in their affliction, and to keep himself unspotted from the world."}]}, {"chapter": "2", "verses": [{"verse": "1", "text": "My brethren, have not the faith of our Lord Jesus Christ, the Lord of glory, with respect of persons."}, {"verse": "2", "text": "For if there come unto your assembly a man with a gold ring, in goodly apparel, and there come in also a poor man in vile raiment;"}, {"verse": "3", "text": "And ye have respect to him that weareth the gay clothing, and say unto him, Sit thou here in a good place; and say to the poor, Stand thou there, or sit here under my footstool:"}, {"verse": "4", "text": "Are ye not then partial in yourselves, and are become judges of evil thoughts?"}, {"verse": "5", "text": "Hearken, my beloved brethren, Hath not God chosen the poor of this world rich in faith, and heirs of the kingdom which he hath promised to them that love him?"}, {"verse": "6", "text": "But ye have despised the poor. Do not rich men oppress you, and draw you before the judgment seats?"}, {"verse": "7", "text": "Do not they blaspheme that worthy name by the which ye are called?"}, {"verse": "8", "text": "If ye fulfil the royal law according to the scripture, Thou shalt love thy neighbour as thyself, ye do well:"}, {"verse": "9", "text": "But if ye have respect to persons, ye commit sin, and are convinced of the law as transgressors."}, {"verse": "10", "text": "For whosoever shall keep the whole law, and yet offend in one point, he is guilty of all."}, {"verse": "11", "text": "For he that said, Do not commit adultery, said also, Do not kill. Now if thou commit no adultery, yet if thou kill, thou art become a transgressor of the law."}, {"verse": "12", "text": "So speak ye, and so do, as they that shall be judged by the law of liberty."}, {"verse": "13", "text": "For he shall have judgment without mercy, that hath shewed no mercy; and mercy rejoiceth against judgment."}, {"verse": "14", "text": "What doth it profit, my brethren, though a man say he hath faith, and have not works? can faith save him?"}, {"verse": "15", "text": "If a brother or sister be naked, and destitute of daily food,"}, {"verse": "16", "text": "And one of you say unto them, Depart in peace, be ye warmed and filled; notwithstanding ye give them not those things which are needful to the body; what doth it profit?"}, {"verse": "17", "text": "Even so faith, if it hath not works, is dead, being alone."}, {"verse": "18", "text": "Yea, a man may say, Thou hast faith, and I have works: shew me thy faith without thy works, and I will shew thee my faith by my works."}, {"verse": "19", "text": "Thou believest that there is one God; thou doest well: the devils also believe, and tremble."}, {"verse": "20", "text": "But wilt thou know, O vain man, that faith without works is dead?"}, {"verse": "21", "text": "Was not Abraham our father justified by works, when he had offered Isaac his son upon the altar?"}, {"verse": "22", "text": "Seest thou how faith wrought with his works, and by works was faith made perfect?"}, {"verse": "23", "text": "And the scripture was fulfilled which saith, Abraham believed God, and it was imputed unto him for righteousness: and he was called the Friend of God."}, {"verse": "24", "text": "Ye see then how that by works a man is justified, and not by faith only."}, {"verse": "25", "text": "Likewise also was not Rahab the harlot justified by works, when she had received the messengers, and had sent them out another way?"}, {"verse": "26", "text": "For as the body without the spirit is dead, so faith without works is dead also."}]}, {"chapter": "3", "verses": [{"verse": "1", "text": "My brethren, be not many masters, knowing that we shall receive the greater condemnation."}, {"verse": "2", "text": "For in many things we offend all. If any man offend not in word, the same is a perfect man, and able also to bridle the whole body."}, {"verse": "3", "text": "Behold, we put bits in the horses\u2019 mouths, that they may obey us; and we turn about their whole body."}, {"verse": "4", "text": "Behold also the ships, which though they be so great, and are driven of fierce winds, yet are they turned about with a very small helm, whithersoever the governor listeth."}, {"verse": "5", "text": "Even so the tongue is a little member, and boasteth great things. Behold, how great a matter a little fire kindleth!"}, {"verse": "6", "text": "And the tongue is a fire, a world of iniquity: so is the tongue among our members, that it defileth the whole body, and setteth on fire the course of nature; and it is set on fire of hell."}, {"verse": "7", "text": "For every kind of beasts, and of birds, and of serpents, and of things in the sea, is tamed, and hath been tamed of mankind:"}, {"verse": "8", "text": "But the tongue can no man tame; it is an unruly evil, full of deadly poison."}, {"verse": "9", "text": "Therewith bless we God, even the Father; and therewith curse we men, which are made after the similitude of God."}, {"verse": "10", "text": "Out of the same mouth proceedeth blessing and cursing. My brethren, these things ought not so to be."}, {"verse": "11", "text": "Doth a fountain send forth at the same place sweet water and bitter?"}, {"verse": "12", "text": "Can the fig tree, my brethren, bear olive berries? either a vine, figs? so can no fountain both yield salt water and fresh."}, {"verse": "13", "text": "Who is a wise man and endued with knowledge among you? let him shew out of a good conversation his works with meekness of wisdom."}, {"verse": "14", "text": "But if ye have bitter envying and strife in your hearts, glory not, and lie not against the truth."}, {"verse": "15", "text": "This wisdom descendeth not from above, but is earthly, sensual, devilish."}, {"verse": "16", "text": "For where envying and strife is, there is confusion and every evil work."}, {"verse": "17", "text": "But the wisdom that is from above is first pure, then peaceable, gentle, and easy to be intreated, full of mercy and good fruits, without partiality, and without hypocrisy."}, {"verse": "18", "text": "And the fruit of righteousness is sown in peace of them that make peace."}]}, {"chapter": "4", "verses": [{"verse": "1", "text": "From whence come wars and fightings among you? come they not hence, even of your lusts that war in your members?"}, {"verse": "2", "text": "Ye lust, and have not: ye kill, and desire to have, and cannot obtain: ye fight and war, yet ye have not, because ye ask not."}, {"verse": "3", "text": "Ye ask, and receive not, because ye ask amiss, that ye may consume it upon your lusts."}, {"verse": "4", "text": "Ye adulterers and adulteresses, know ye not that the friendship of the world is enmity with God? whosoever therefore will be a friend of the world is the enemy of God."}, {"verse": "5", "text": "Do ye think that the scripture saith in vain, The spirit that dwelleth in us lusteth to envy?"}, {"verse": "6", "text": "But he giveth more grace. Wherefore he saith, God resisteth the proud, but giveth grace unto the humble."}, {"verse": "7", "text": "Submit yourselves therefore to God. Resist the devil, and he will flee from you."}, {"verse": "8", "text": "Draw nigh to God, and he will draw nigh to you. Cleanse your hands, ye sinners; and purify your hearts, ye double minded."}, {"verse": "9", "text": "Be afflicted, and mourn, and weep: let your laughter be turned to mourning, and your joy to heaviness."}, {"verse": "10", "text": "Humble yourselves in the sight of the Lord, and he shall lift you up."}, {"verse": "11", "text": "Speak not evil one of another, brethren. He that speaketh evil of his brother, and judgeth his brother, speaketh evil of the law, and judgeth the law: but if thou judge the law, thou art not a doer of the law, but a judge."}, {"verse": "12", "text": "There is one lawgiver, who is able to save and to destroy: who art thou that judgest another?"}, {"verse": "13", "text": "Go to now, ye that say, To day or to morrow we will go into such a city, and continue there a year, and buy and sell, and get gain:"}, {"verse": "14", "text": "Whereas ye know not what shall be on the morrow. For what is your life? It is even a vapour, that appeareth for a little time, and then vanisheth away."}, {"verse": "15", "text": "For that ye ought to say, If the Lord will, we shall live, and do this, or that."}, {"verse": "16", "text": "But now ye rejoice in your boastings: all such rejoicing is evil."}, {"verse": "17", "text": "Therefore to him that knoweth to do good, and doeth it not, to him it is sin."}]}, {"chapter": "5", "verses": [{"verse": "1", "text": "Go to now, ye rich men, weep and howl for your miseries that shall come upon you."}, {"verse": "2", "text": "Your riches are corrupted, and your garments are motheaten."}, {"verse": "3", "text": "Your gold and silver is cankered; and the rust of them shall be a witness against you, and shall eat your flesh as it were fire. Ye have heaped treasure together for the last days."}, {"verse": "4", "text": "Behold, the hire of the labourers who have reaped down your fields, which is of you kept back by fraud, crieth: and the cries of them which have reaped are entered into the ears of the Lord of sabaoth."}, {"verse": "5", "text": "Ye have lived in pleasure on the earth, and been wanton; ye have nourished your hearts, as in a day of slaughter."}, {"verse": "6", "text": "Ye have condemned and killed the just; and he doth not resist you."}, {"verse": "7", "text": "Be patient therefore, brethren, unto the coming of the Lord. Behold, the husbandman waiteth for the precious fruit of the earth, and hath long patience for it, until he receive the early and latter rain."}, {"verse": "8", "text": "Be ye also patient; stablish your hearts: for the coming of the Lord draweth nigh."}, {"verse": "9", "text": "Grudge not one against another, brethren, lest ye be condemned: behold, the judge standeth before the door."}, {"verse": "10", "text": "Take, my brethren, the prophets, who have spoken in the name of the Lord, for an example of suffering affliction, and of patience."}, {"verse": "11", "text": "Behold, we count them happy which endure. Ye have heard of the patience of Job, and have seen the end of the Lord; that the Lord is very pitiful, and of tender mercy."}, {"verse": "12", "text": "But above all things, my brethren, swear not, neither by heaven, neither by the earth, neither by any other oath: but let your yea be yea; and your nay, nay; lest ye fall into condemnation."}, {"verse": "13", "text": "Is any among you afflicted? let him pray. Is any merry? let him sing psalms."}, {"verse": "14", "text": "Is any sick among you? let him call for the elders of the church; and let them pray over him, anointing him with oil in the name of the Lord:"}, {"verse": "15", "text": "And the prayer of faith shall save the sick, and the Lord shall raise him up; and if he have committed sins, they shall be forgiven him."}, {"verse": "16", "text": "Confess your faults one to another, and pray one for another, that ye may be healed. The effectual fervent prayer of a righteous man availeth much."}, {"verse": "17", "text": "Elias was a man subject to like passions as we are, and he prayed earnestly that it might not rain: and it rained not on the earth by the space of three years and six months."}, {"verse": "18", "text": "And he prayed again, and the heaven gave rain, and the earth brought forth her fruit."}, {"verse": "19", "text": "Brethren, if any of you do err from the truth, and one convert him;"}, {"verse": "20", "text": "Let him know, that he which converteth the sinner from the error of his way shall save a soul from death, and shall hide a multitude of sins."}]}]}
